checkpoint_step,n_episodes,harvest_weight/mean,harvest_weight/std,success/mean,reward/mean,reward/std,agent_harvest_actions/mean,agent_success/mean,forced_harvests/mean,parsed_action_rate/mean,recovered_action_rate/mean,action_count_adjust_ph_down/mean,action_count_add_nutrients/mean,action_count_maintain/mean,action_count_harvest/mean,days_survived/mean,final_ph/mean,final_ec/mean
0,20,98.97684000000001,93.16566303303854,0.5,0.48164154983653845,0.32598590783895587,0.55,0.5,0.0,0.8543589743589743,0.9983333333333333,7.3,11.25,3.5,0.55,28.4,6.056,1.077
10,20,96.98230000000001,90.57180105198307,0.55,0.47662200490384615,0.31760816380100304,0.55,0.55,0.0,0.8114102564102564,0.9892307692307692,7.25,11.8,3.1,0.55,28.8,6.029,0.9775
20,20,88.38472,92.16166438332613,0.45,0.44590818454277187,0.32328224605383377,0.5,0.45,0.0,0.7491821396993811,0.9983333333333333,7.5,11.55,3.8,0.5,29.15,6.0355,0.9375
30,20,100.1728,85.56625079747764,0.5,0.49066884012433687,0.30269125692872006,0.6,0.5,0.0,0.8377055702917772,1.0,7.85,10.9,3.7,0.6,28.95,6.0385,1.0195
40,20,44.77600000000001,79.82679476281925,0.25,0.29344009567307694,0.2807433826681031,0.25,0.25,0.0,0.781025641025641,1.0,8.65,11.2,2.85,0.25,29.6,5.9085,1.0055
50,20,109.8606,93.19727323795195,0.6,0.5222518116105769,0.32493521990905555,0.6,0.6,0.0,0.8893589743589744,0.9983333333333333,6.9,12.0,3.15,0.6,28.8,6.0455,1.135
